<?xml version="1.0" encoding="UTF-8"?>
<beans xmlns="http://www.springframework.org/schema/beans"
    xmlns:xsi="http://www.w3.org/2001/XMLSchema-instance"
    xsi:schemaLocation="http://www.springframework.org/schema/beans 
                        http://www.springframework.org/schema/beans/spring-beans.xsd">

    <bean id="i3" class="com.example.LaptopDealer.i3" />
    <bean id="i5" class="com.example.LaptopDealer.i5" />
    <bean id="i7" class="com.example.LaptopDealer.i7" />

    <bean id="dellwithi3" class="com.example.LaptopDealer.Dell"> 
        <constructor-arg ref="i3" />
    </bean> <bean id="dellwithi5" class="com.example.LaptopDealer.Dell"> 
        <constructor-arg ref="i5" />
    </bean>

    <bean id="dellwithi7" class="com.example.LaptopDealer.Dell"> 
        <constructor-arg ref="i7" />
    </bean>

    <bean id="macboookwithi3" class="com.example.LaptopDealer.Macbook"> 
        <constructor-arg ref="i3" />
    </bean>
    
    <bean id="macboookwithi5" class="com.example.LaptopDealer.Macbook"> 
        <constructor-arg ref="i5" />
    </bean>
    
    <bean id="macboookwithi7" class="com.example.LaptopDealer.Macbook"> 
        <constructor-arg ref="i7" />
    </bean>


   <!-- SETTER INJECTION -->
    <bean id="microsoftwithi3" class="com.example.LaptopDealer.Microsoft">
    <!-- name : in class variable name -->
    <!-- ref: class name -->
        <property name="processor" ref="i3" />
    </bean> 

    <bean id="microsoftwithi5" class="com.example.LaptopDealer.Microsoft">
        <property name="processor" ref="i5" />
    </bean> 

    <bean id="microsoftwithi7" class="com.example.LaptopDealer.Microsoft">
        <property name="processor" ref="i7" />
    </bean> 
</beans>